Tender ID,tender_externalreference,tender_title,Work Description,Tender Category,Tender Type,Form of contract,Product Category,Is Multi Currency Allowed For BOQ,Allow Two Stage Bidding,Independent External Monitor/Remarks,Published Date,Pre Bid Meeting Date,Bid Validity(Days),Should Allow NDA Tender,Allow Preferential Bidder,Payment Mode,Bid Opening Date,Organisation Chain,location,Pincode,No of Bids Received,Tender Value in ₹,Bidder Name,Awarded Value,Status,Contract Date :,Department,is_flood_tender,positive_keywords_dict,negative_keywords_dict,Season,Scheme,Erosion,Roads_Bridges_Embkt,Response Type,Flood Response - Subhead
2023_PWD_33797_131,CE/Maint/MMPNA/01/2023-24/03,MMPNA/2023-24/240,Periodic Renewal of U.T Road to Ghogmari Village and Kusumjuli to Lawpara (Construction of Box culvert) under MMPNA for the year 2023-24 Under Tamulpur LAC,Works,Open Tender,Item Rate,Civil Works – Roads,No,No,NA ,11-Nov-2023 01:00 PM,22-Nov-2023 12:00 PM ,180.0,No ,No,Online,01-Dec-2023 03:00 PM,Public Works Roads Department,Tamulpur,781367.0,2.0,"85,00,000",Birkang Wary,"7,650,000",Accepted-AOC,28-Feb-2024,Public Works Roads Department,True,"{'Flood': 0, 'Embankment': 0, 'embkt': 0, 'Relief': 0, 'Erosion': 0, 'SDRF': 0, 'Inundation': 0, 'Hydrology': 0, 'Silt': 0, 'Siltation': 0, 'Bund': 0, 'Trench': 0, 'Breach': 0, 'Culvert': 1, 'Sluice': 0, 'Dyke': 0, 'Storm water drain': 0, 'Emergency': 0, 'Immediate': 0, 'IM': 0, 'AE': 0, 'A E': 0, 'AAPDA MITRA': 0}","{'Floodlight': 0, 'Flood Light': 0, 'GAS': 0, 'FIFA': 0, 'pipe': 0, 'pipes': 0, 'covid': 0}",Post-Monsoon,,False,True,Others,
2023_PWD_33797_266,CE/Maint/MMPNA/01/2023-24/03,MMPNA/2023-24/106_Periodic Renewal of Jotte Balijan Road from Ch. 5.00Km. To 6.17 and 9.40km to 13.23 km ( including 4by4m 3 cell box culvert) under MUKHYA MANTRI PATH NABIKARAN AACHANI for the year 2023-24 under Gohpur LAC,MMPNA/2023-24/106_Periodic Renewal of Jotte Balijan Road from Ch. 5.00Km. To 6.17 and 9.40km to 13.23 km ( including 4by4m 3 cell box culvert) under MUKHYA MANTRI PATH NABIKARAN AACHANI for the year 2023-24 under Gohpur LAC,Works,Open Tender,Item Rate,Civil Works – Roads,No,No,NA ,14-Nov-2023 12:00 PM,22-Nov-2023 12:00 PM ,180.0,No ,No,Online,01-Dec-2023 03:00 PM,Public Works Roads Department,Gohpur,781003.0,2.0,"2,48,75,000",BINIT KUMAR AGARWALLA,"24,874,900",Not Admitted-Fee/PreQual/Technical,27-Feb-2024,Public Works Roads Department,True,"{'Flood': 0, 'Embankment': 0, 'embkt': 0, 'Relief': 0, 'Erosion': 0, 'SDRF': 0, 'Inundation': 0, 'Hydrology': 0, 'Silt': 0, 'Siltation': 0, 'Bund': 0, 'Trench': 0, 'Breach': 0, 'Culvert': 2, 'Sluice': 0, 'Dyke': 0, 'Storm water drain': 0, 'Emergency': 0, 'Immediate': 0, 'IM': 0, 'AE': 0, 'A E': 0, 'AAPDA MITRA': 0}","{'Floodlight': 0, 'Flood Light': 0, 'GAS': 0, 'FIFA': 0, 'pipe': 0, 'pipes': 0, 'covid': 0}",Post-Monsoon,,False,True,Others,
2023_PWD_33797_36,CE/Maint/MMPNA/01/2023-24/03,"MMPNA/2023-24/160_Periodic Renewal to Namkatoni road Thana Tiniali to Na-Satra, proposed length 1.10 km Bursensua to pomua missing gaon road Pohardia to BurasensuaConstruction of 3.00m X 3.00m RCC single cell box culvert, L0.80 KM , Bongaon to Phul","MMPNA/2023-24/160_Periodic Renewal to Namkatoni road Thana Tiniali to Na-Satra, proposed length 1.10 km Bursensua to pomua missing gaon road Pohardia to BurasensuaConstruction of 3.00m X 3.00m RCC single cell box culvert, L0.80 KM , Bongaon to Phul",Works,Open Tender,Item Rate,Civil Works – Roads,No,No,NA ,10-Nov-2023 02:00 PM,22-Nov-2023 12:00 PM ,180.0,No ,No,Online,01-Dec-2023 03:00 PM,Public Works Roads Department,Majuli,781003.0,2.0,"1,28,41,000",Lakhyajit Hazarika,"11,556,900",Accepted-AOC,26-Feb-2024,Public Works Roads Department,True,"{'Flood': 0, 'Embankment': 0, 'embkt': 0, 'Relief': 0, 'Erosion': 0, 'SDRF': 0, 'Inundation': 0, 'Hydrology': 0, 'Silt': 0, 'Siltation': 0, 'Bund': 0, 'Trench': 0, 'Breach': 0, 'Culvert': 2, 'Sluice': 0, 'Dyke': 0, 'Storm water drain': 0, 'Emergency': 0, 'Immediate': 0, 'IM': 0, 'AE': 0, 'A E': 0, 'AAPDA MITRA': 0}","{'Floodlight': 0, 'Flood Light': 0, 'GAS': 0, 'FIFA': 0, 'pipe': 0, 'pipes': 0, 'covid': 0}",Post-Monsoon,,False,True,Others,
2024_BoTC_35579_1,BTC/SCDB/05/2023(Re-Tender) -01,"Construction of RCC culvert at No. 2 Fakriguri, under 15th Finance for the year 2022-23 during 2023-24","Construction of RCC culvert at No. 2 Fakriguri, under 15th Finance for the year 2022-23 during 2023-24",Works,Open Tender,Works,Civil Works,No,No,NA ,20-Jan-2024 09:00 AM,NA ,180.0,No ,No,Online,01-Feb-2024 03:30 PM,Bodoland Territorial Council||Panchayat and Rural Development-BTC,Fakriguri - CHIRANG,783373.0,2.0,"24,74,285",PREMJIT BORO,"2,473,999.41",Accepted-AOC,12-Feb-2024,Bodoland Territorial Council||Panchayat and Rural Development-BTC,True,"{'Flood': 0, 'Embankment': 0, 'embkt': 0, 'Relief': 0, 'Erosion': 0, 'SDRF': 0, 'Inundation': 0, 'Hydrology': 0, 'Silt': 0, 'Siltation': 0, 'Bund': 0, 'Trench': 0, 'Breach': 0, 'Culvert': 2, 'Sluice': 0, 'Dyke': 0, 'Storm water drain': 0, 'Emergency': 0, 'Immediate': 0, 'IM': 0, 'AE': 0, 'A E': 0, 'AAPDA MITRA': 0}","{'Floodlight': 0, 'Flood Light': 0, 'GAS': 0, 'FIFA': 0, 'pipe': 0, 'pipes': 0, 'covid': 0}",Pre-Monsoon,,False,True,Others,
2024_BTC_35495_1,No. ACE- 106/PWD/IFB/2021-22/285,Construction of 10.00 m Span Slab Culvert on 11th Mile to Daugangpara road Over Laldong under SOPD for the year 2023-24. TN-59-1,Construction of 10.00 m Span Slab Culvert on 11th Mile to Daugangpara road Over Laldong under SOPD for the year 2023-24. TN-59-1,Works,Open Tender,Item Rate,Civil Works – Roads,No,No,NA ,16-Jan-2024 12:00 PM,NA ,180.0,No ,No,Online,30-Jan-2024 02:00 PM,Bodoland Territorial Council-PWD||Director Cum CHD - PWD BTC,baksa,781352.0,2.0,"39,99,620",NAGEN NATH,"3,999,618",Rejected-Technical,08-Feb-2024,Bodoland Territorial Council-PWD||Director Cum CHD - PWD BTC,True,"{'Flood': 0, 'Embankment': 0, 'embkt': 0, 'Relief': 0, 'Erosion': 0, 'SDRF': 0, 'Inundation': 0, 'Hydrology': 0, 'Silt': 0, 'Siltation': 0, 'Bund': 0, 'Trench': 0, 'Breach': 0, 'Culvert': 2, 'Sluice': 0, 'Dyke': 0, 'Storm water drain': 0, 'Emergency': 0, 'Immediate': 0, 'IM': 0, 'AE': 0, 'A E': 0, 'AAPDA MITRA': 0}","{'Floodlight': 0, 'Flood Light': 0, 'GAS': 0, 'FIFA': 0, 'pipe': 0, 'pipes': 0, 'covid': 0}",Pre-Monsoon,SOPD,False,True,Others,
2024_BTC_35498_1,No. ACE- 106/PWD/IFB/2021-22/285,Construction of RCC Slab Culvert No.1/3 L- 8.00 M Span No.NH 127 A to Singlimari road under SOPD for the year 2023-24.TN-59-4,Construction of RCC Slab Culvert No.1/3 L- 8.00 M Span No.NH 127 A to Singlimari road under SOPD for the year 2023-24.TN-59-4,Works,Open Tender,Item Rate,Civil Works – Roads,No,No,NA ,16-Jan-2024 12:00 PM,NA ,180.0,No ,No,Online,30-Jan-2024 02:00 PM,Bodoland Territorial Council-PWD||Director Cum CHD - PWD BTC,Baksa,781372.0,2.0,"49,99,834",DIGANTA BORO,"4,999,831",Accepted-AOC,13-Feb-2024,Bodoland Territorial Council-PWD||Director Cum CHD - PWD BTC,True,"{'Flood': 0, 'Embankment': 0, 'embkt': 0, 'Relief': 0, 'Erosion': 0, 'SDRF': 0, 'Inundation': 0, 'Hydrology': 0, 'Silt': 0, 'Siltation': 0, 'Bund': 0, 'Trench': 0, 'Breach': 0, 'Culvert': 2, 'Sluice': 0, 'Dyke': 0, 'Storm water drain': 0, 'Emergency': 0, 'Immediate': 0, 'IM': 0, 'AE': 0, 'A E': 0, 'AAPDA MITRA': 0}","{'Floodlight': 0, 'Flood Light': 0, 'GAS': 0, 'FIFA': 0, 'pipe': 0, 'pipes': 0, 'covid': 0}",Pre-Monsoon,SOPD,False,True,Others,
2024_BTC_35507_1,ACE-35/TECH/UDL(RB)/IFB/18-19,Const. of RCC Box Culvert of Khoirabari Goreswar road (at Sukulipara) under SOPD (BTC) for the year 2023-24. (TN_61_1),Const. of RCC Box Culvert of Khoirabari Goreswar road (at Sukulipara) under SOPD (BTC) for the year 2023-24.,Works,Open Tender,Works,Civil Works,No,No,NA ,17-Jan-2024 10:00 AM,NA ,180.0,No ,No,Online,01-Feb-2024 04:00 PM,Bodoland Territorial Council-PWD||Director Cum CHD - PWD BTC,Udalguri,784509.0,2.0,"29,99,996",RIMPA DAS,"2,999,800.09",Accepted-AOC,14-Feb-2024,Bodoland Territorial Council-PWD||Director Cum CHD - PWD BTC,True,"{'Flood': 0, 'Embankment': 0, 'embkt': 0, 'Relief': 0, 'Erosion': 0, 'SDRF': 0, 'Inundation': 0, 'Hydrology': 0, 'Silt': 0, 'Siltation': 0, 'Bund': 0, 'Trench': 0, 'Breach': 0, 'Culvert': 2, 'Sluice': 0, 'Dyke': 0, 'Storm water drain': 0, 'Emergency': 0, 'Immediate': 0, 'IM': 0, 'AE': 0, 'A E': 0, 'AAPDA MITRA': 0}","{'Floodlight': 0, 'Flood Light': 0, 'GAS': 0, 'FIFA': 0, 'pipe': 0, 'pipes': 0, 'covid': 0}",Pre-Monsoon,SOPD,False,True,Others,
2024_BTC_35508_1,ACE-35/TECH/UDL(RB)/IFB/18-19,Const. of RCC Slab culvert of Nishahatkhola Jhalukbari road (at Arangadol) under SOPD (BTC) for the year 2023-24. (TN_61_2),Const. of RCC Slab culvert of Nishahatkhola Jhalukbari road (at Arangadol) under SOPD (BTC) for the year 2023-24.,Works,Open Tender,Works,Civil Works,No,No,NA ,17-Jan-2024 10:00 AM,NA ,180.0,No ,No,Online,01-Feb-2024 04:00 PM,Bodoland Territorial Council-PWD||Director Cum CHD - PWD BTC,Udalguri,784509.0,2.0,"19,99,997",RIMPA DAS,"1,999,810.67",Accepted-AOC,14-Feb-2024,Bodoland Territorial Council-PWD||Director Cum CHD - PWD BTC,True,"{'Flood': 0, 'Embankment': 0, 'embkt': 0, 'Relief': 0, 'Erosion': 0, 'SDRF': 0, 'Inundation': 0, 'Hydrology': 0, 'Silt': 0, 'Siltation': 0, 'Bund': 0, 'Trench': 0, 'Breach': 0, 'Culvert': 2, 'Sluice': 0, 'Dyke': 0, 'Storm water drain': 0, 'Emergency': 0, 'Immediate': 0, 'IM': 0, 'AE': 0, 'A E': 0, 'AAPDA MITRA': 0}","{'Floodlight': 0, 'Flood Light': 0, 'GAS': 0, 'FIFA': 0, 'pipe': 0, 'pipes': 0, 'covid': 0}",Pre-Monsoon,SOPD,False,True,Others,
2024_BTC_35509_1,ACE-35/TECH/UDL(RB)/IFB/18-19,"Const. of RCC Slab Culvert at Dakhin Kalikhola near Ratan Das house under SOPD (PWD), BTC for the year 2023-24. (TN_61_3)","Const. of RCC Slab Culvert at Dakhin Kalikhola near Ratan Das house under SOPD (PWD), BTC for the year 2023-24.",Works,Open Tender,Works,Civil Works,No,No,NA ,17-Jan-2024 10:00 AM,NA ,180.0,No ,No,Online,01-Feb-2024 04:00 PM,Bodoland Territorial Council-PWD||Director Cum CHD - PWD BTC,Udalguri,784509.0,2.0,"24,99,998",DEEP BORO,"2,499,696.37",Accepted-AOC,20-Feb-2024,Bodoland Territorial Council-PWD||Director Cum CHD - PWD BTC,True,"{'Flood': 0, 'Embankment': 0, 'embkt': 0, 'Relief': 0, 'Erosion': 0, 'SDRF': 0, 'Inundation': 0, 'Hydrology': 0, 'Silt': 0, 'Siltation': 0, 'Bund': 0, 'Trench': 0, 'Breach': 0, 'Culvert': 2, 'Sluice': 0, 'Dyke': 0, 'Storm water drain': 0, 'Emergency': 0, 'Immediate': 0, 'IM': 0, 'AE': 0, 'A E': 0, 'AAPDA MITRA': 0}","{'Floodlight': 0, 'Flood Light': 0, 'GAS': 0, 'FIFA': 0, 'pipe': 0, 'pipes': 0, 'covid': 0}",Pre-Monsoon,SOPD,False,True,Others,
2024_BTC_35510_1,ACE-35/TECH/UDL(RB)/IFB/18-19,Const. of RCC Slab Culvert at No. 1 Simulguri in Huliya river near Orang house under SOPD (PWD) BTC for the year 2023-24. (TN_61_4),Const. of RCC Slab Culvert at No. 1 Simulguri in Huliya river near Orang house under SOPD (PWD) BTC for the year 2023-24.,Works,Open Tender,Works,Civil Works,No,No,NA ,17-Jan-2024 10:00 AM,NA ,180.0,No ,No,Online,01-Feb-2024 04:00 PM,Bodoland Territorial Council-PWD||Director Cum CHD - PWD BTC,Udalguri,784509.0,2.0,"24,99,454",DEEP BORO,"2,499,042.03",Accepted-AOC,20-Feb-2024,Bodoland Territorial Council-PWD||Director Cum CHD - PWD BTC,True,"{'Flood': 0, 'Embankment': 0, 'embkt': 0, 'Relief': 0, 'Erosion': 0, 'SDRF': 0, 'Inundation': 0, 'Hydrology': 0, 'Silt': 0, 'Siltation': 0, 'Bund': 0, 'Trench': 0, 'Breach': 0, 'Culvert': 2, 'Sluice': 0, 'Dyke': 0, 'Storm water drain': 0, 'Emergency': 0, 'Immediate': 0, 'IM': 0, 'AE': 0, 'A E': 0, 'AAPDA MITRA': 0}","{'Floodlight': 0, 'Flood Light': 0, 'GAS': 0, 'FIFA': 0, 'pipe': 0, 'pipes': 0, 'covid': 0}",Pre-Monsoon,SOPD,False,True,Others,
2024_GMC_35280_1,GER/CE/2378/2023/26 DATED 05/01/2024,Package No. DSLT-01,Cleaning and Desilting of 143 nos of Major city drains under Mitigation of Urban Flood in Guwahati City to be executed by Guwahati Municipal Corporation in following packages for the year 2024,Works,Open Tender,Lump-sum,Civil Works,No,No,NA ,06-Jan-2024 05:00 PM,NA ,180.0,No ,No,Online,29-Jan-2024 03:00 PM,Guwahati Municipal Corporation,GUWAHATI,781005.0,2.0,"31,16,870",HRISHIKESH TALUKDAR,"2,181,809",Rejected-AOC,20-Feb-2024,Guwahati Municipal Corporation,True,"{'Flood': 1, 'Embankment': 0, 'embkt': 0, 'Relief': 0, 'Erosion': 0, 'SDRF': 0, 'Inundation': 0, 'Hydrology': 0, 'Silt': 0, 'Siltation': 0, 'Bund': 0, 'Trench': 0, 'Breach': 0, 'Culvert': 0, 'Sluice': 0, 'Dyke': 0, 'Storm water drain': 0, 'Emergency': 0, 'Immediate': 0, 'IM': 0, 'AE': 0, 'A E': 0, 'AAPDA MITRA': 0}","{'Floodlight': 0, 'Flood Light': 0, 'GAS': 0, 'FIFA': 0, 'pipe': 0, 'pipes': 0, 'covid': 0}",Pre-Monsoon,,False,False,Immediate Measures,"{'package': 1, 'g.r.': 1}"
2024_GMC_35280_10,GER/CE/2378/2023/26 DATED 05/01/2024,Package No. DSLT-10,Cleaning and Desilting of 143 nos of Major city drains under Mitigation of Urban Flood in Guwahati City to be executed by Guwahati Municipal Corporation in following packages for the year 2024,Works,Open Tender,Lump-sum,Civil Works,No,No,NA ,08-Jan-2024 09:00 AM,NA ,180.0,No ,No,Online,29-Jan-2024 03:00 PM,Guwahati Municipal Corporation,GUWAHATI,781005.0,2.0,"66,14,966",M/S TRIKUTA ENTERPRISE,"4,299,727.9",Rejected-AOC,20-Feb-2024,Guwahati Municipal Corporation,True,"{'Flood': 1, 'Embankment': 0, 'embkt': 0, 'Relief': 0, 'Erosion': 0, 'SDRF': 0, 'Inundation': 0, 'Hydrology': 0, 'Silt': 0, 'Siltation': 0, 'Bund': 0, 'Trench': 0, 'Breach': 0, 'Culvert': 0, 'Sluice': 0, 'Dyke': 0, 'Storm water drain': 0, 'Emergency': 0, 'Immediate': 0, 'IM': 0, 'AE': 0, 'A E': 0, 'AAPDA MITRA': 0}","{'Floodlight': 0, 'Flood Light': 0, 'GAS': 0, 'FIFA': 0, 'pipe': 0, 'pipes': 0, 'covid': 0}",Pre-Monsoon,,False,False,Immediate Measures,"{'package': 1, 'g.r.': 1}"
2024_GMC_35280_11,GER/CE/2378/2023/26 DATED 05/01/2024,Package No. DSLT-11,Cleaning and Desilting of 143 nos of Major city drains under Mitigation of Urban Flood in Guwahati City to be executed by Guwahati Municipal Corporation in following packages for the year 2024,Works,Open Tender,Lump-sum,Civil Works,No,No,NA ,08-Jan-2024 09:00 AM,NA ,180.0,No ,No,Online,29-Jan-2024 03:00 PM,Guwahati Municipal Corporation,GUWAHATI,781005.0,2.0,"66,46,952",SRI DEEPANKAR DAIMARY,"4,320,518.8",Rejected-AOC,19-Feb-2024,Guwahati Municipal Corporation,True,"{'Flood': 1, 'Embankment': 0, 'embkt': 0, 'Relief': 0, 'Erosion': 0, 'SDRF': 0, 'Inundation': 0, 'Hydrology': 0, 'Silt': 0, 'Siltation': 0, 'Bund': 0, 'Trench': 0, 'Breach': 0, 'Culvert': 0, 'Sluice': 0, 'Dyke': 0, 'Storm water drain': 0, 'Emergency': 0, 'Immediate': 0, 'IM': 0, 'AE': 0, 'A E': 0, 'AAPDA MITRA': 0}","{'Floodlight': 0, 'Flood Light': 0, 'GAS': 0, 'FIFA': 0, 'pipe': 0, 'pipes': 0, 'covid': 0}",Pre-Monsoon,,False,False,Immediate Measures,"{'package': 1, 'g.r.': 1}"
2024_GMC_35280_12,GER/CE/2378/2023/26 DATED 05/01/2024,Package No. DSLT-12,Cleaning and Desilting of 143 nos of Major city drains under Mitigation of Urban Flood in Guwahati City to be executed by Guwahati Municipal Corporation in following packages for the year 2024,Works,Open Tender,Lump-sum,Civil Works,No,No,NA ,08-Jan-2024 09:00 AM,NA ,180.0,No ,No,Online,29-Jan-2024 03:00 PM,Guwahati Municipal Corporation,GUWAHATI,781005.0,2.0,"33,25,517",B R BUILDERS,"2,261,351.56",Rejected-AOC,21-Feb-2024,Guwahati Municipal Corporation,True,"{'Flood': 1, 'Embankment': 0, 'embkt': 0, 'Relief': 0, 'Erosion': 0, 'SDRF': 0, 'Inundation': 0, 'Hydrology': 0, 'Silt': 0, 'Siltation': 0, 'Bund': 0, 'Trench': 0, 'Breach': 0, 'Culvert': 0, 'Sluice': 0, 'Dyke': 0, 'Storm water drain': 0, 'Emergency': 0, 'Immediate': 0, 'IM': 0, 'AE': 0, 'A E': 0, 'AAPDA MITRA': 0}","{'Floodlight': 0, 'Flood Light': 0, 'GAS': 0, 'FIFA': 0, 'pipe': 0, 'pipes': 0, 'covid': 0}",Pre-Monsoon,,False,False,Immediate Measures,"{'package': 1, 'g.r.': 1}"
2024_GMC_35280_13,GER/CE/2378/2023/26 DATED 05/01/2024,Package No. DSLT-13,Cleaning and Desilting of 143 nos of Major city drains under Mitigation of Urban Flood in Guwahati City to be executed by Guwahati Municipal Corporation in following packages for the year 2024,Works,Open Tender,Lump-sum,Civil Works,No,No,NA ,08-Jan-2024 09:00 AM,NA ,180.0,No ,No,Online,29-Jan-2024 03:00 PM,Guwahati Municipal Corporation,GUWAHATI,781005.0,2.0,"44,95,497",B R BUILDERS,"3,056,937.96",Rejected-AOC,21-Feb-2024,Guwahati Municipal Corporation,True,"{'Flood': 1, 'Embankment': 0, 'embkt': 0, 'Relief': 0, 'Erosion': 0, 'SDRF': 0, 'Inundation': 0, 'Hydrology': 0, 'Silt': 0, 'Siltation': 0, 'Bund': 0, 'Trench': 0, 'Breach': 0, 'Culvert': 0, 'Sluice': 0, 'Dyke': 0, 'Storm water drain': 0, 'Emergency': 0, 'Immediate': 0, 'IM': 0, 'AE': 0, 'A E': 0, 'AAPDA MITRA': 0}","{'Floodlight': 0, 'Flood Light': 0, 'GAS': 0, 'FIFA': 0, 'pipe': 0, 'pipes': 0, 'covid': 0}",Pre-Monsoon,,False,False,Immediate Measures,"{'package': 1, 'g.r.': 1}"
2024_GMC_35280_14,GER/CE/2378/2023/26 DATED 05/01/2024,Package No. DSLT-14,Cleaning and Desilting of 143 nos of Major city drains under Mitigation of Urban Flood in Guwahati City to be executed by Guwahati Municipal Corporation in following packages for the year 2024,Works,Open Tender,Lump-sum,Civil Works,No,No,NA ,08-Jan-2024 09:00 AM,NA ,180.0,No ,No,Online,29-Jan-2024 03:00 PM,Guwahati Municipal Corporation,GUWAHATI,781005.0,2.0,"34,76,555",SARAT DAS,"2,600,463.14",Rejected-AOC,19-Feb-2024,Guwahati Municipal Corporation,True,"{'Flood': 1, 'Embankment': 0, 'embkt': 0, 'Relief': 0, 'Erosion': 0, 'SDRF': 0, 'Inundation': 0, 'Hydrology': 0, 'Silt': 0, 'Siltation': 0, 'Bund': 0, 'Trench': 0, 'Breach': 0, 'Culvert': 0, 'Sluice': 0, 'Dyke': 0, 'Storm water drain': 0, 'Emergency': 0, 'Immediate': 0, 'IM': 0, 'AE': 0, 'A E': 0, 'AAPDA MITRA': 0}","{'Floodlight': 0, 'Flood Light': 0, 'GAS': 0, 'FIFA': 0, 'pipe': 0, 'pipes': 0, 'covid': 0}",Pre-Monsoon,,False,False,Immediate Measures,"{'package': 1, 'g.r.': 1}"
2024_GMC_35280_15,GER/CE/2378/2023/26 DATED 05/01/2024,Package No. DSLT-15,Cleaning and Desilting of 143 nos of Major city drains under Mitigation of Urban Flood in Guwahati City to be executed by Guwahati Municipal Corporation in following packages for the year 2024,Works,Open Tender,Lump-sum,Civil Works,No,No,NA ,08-Jan-2024 09:00 AM,NA ,180.0,No ,No,Online,29-Jan-2024 03:00 PM,Guwahati Municipal Corporation,GUWAHATI,781005.0,2.0,"34,06,068",SRI ZEETENDRA SALAI,"2,445,556.82",Rejected-AOC,20-Feb-2024,Guwahati Municipal Corporation,True,"{'Flood': 1, 'Embankment': 0, 'embkt': 0, 'Relief': 0, 'Erosion': 0, 'SDRF': 0, 'Inundation': 0, 'Hydrology': 0, 'Silt': 0, 'Siltation': 0, 'Bund': 0, 'Trench': 0, 'Breach': 0, 'Culvert': 0, 'Sluice': 0, 'Dyke': 0, 'Storm water drain': 0, 'Emergency': 0, 'Immediate': 0, 'IM': 0, 'AE': 0, 'A E': 0, 'AAPDA MITRA': 0}","{'Floodlight': 0, 'Flood Light': 0, 'GAS': 0, 'FIFA': 0, 'pipe': 0, 'pipes': 0, 'covid': 0}",Pre-Monsoon,,False,False,Immediate Measures,"{'package': 1, 'g.r.': 1}"
2024_GMC_35280_16,GER/CE/2378/2023/26 DATED 05/01/2024,Package No. DSLT-16,Cleaning and Desilting of 143 nos of Major city drains under Mitigation of Urban Flood in Guwahati City to be executed by Guwahati Municipal Corporation in following packages for the year 2024,Works,Open Tender,Lump-sum,Civil Works,No,No,NA ,08-Jan-2024 09:00 AM,NA ,180.0,No ,No,Online,29-Jan-2024 03:00 PM,Guwahati Municipal Corporation,GUWAHATI,781005.0,2.0,"48,17,000",BHARGAB RISHI DAS,"3,477,874",Rejected-AOC,20-Feb-2024,Guwahati Municipal Corporation,True,"{'Flood': 1, 'Embankment': 0, 'embkt': 0, 'Relief': 0, 'Erosion': 0, 'SDRF': 0, 'Inundation': 0, 'Hydrology': 0, 'Silt': 0, 'Siltation': 0, 'Bund': 0, 'Trench': 0, 'Breach': 0, 'Culvert': 0, 'Sluice': 0, 'Dyke': 0, 'Storm water drain': 0, 'Emergency': 0, 'Immediate': 0, 'IM': 0, 'AE': 0, 'A E': 0, 'AAPDA MITRA': 0}","{'Floodlight': 0, 'Flood Light': 0, 'GAS': 0, 'FIFA': 0, 'pipe': 0, 'pipes': 0, 'covid': 0}",Pre-Monsoon,,False,False,Immediate Measures,"{'package': 1, 'g.r.': 1}"
2024_GMC_35280_17,GER/CE/2378/2023/26 DATED 05/01/2024,Package No. DSLT-17,Cleaning and Desilting of 143 nos of Major city drains under Mitigation of Urban Flood in Guwahati City to be executed by Guwahati Municipal Corporation in following packages for the year 2024,Works,Open Tender,Lump-sum,Civil Works,No,No,NA ,08-Jan-2024 09:00 AM,NA ,180.0,No ,No,Online,29-Jan-2024 03:00 PM,Guwahati Municipal Corporation,GUWAHATI,781005.0,2.0,"43,30,900",Aynul Haque Choudhury,,Rejected-AOC,,Guwahati Municipal Corporation,True,"{'Flood': 1, 'Embankment': 0, 'embkt': 0, 'Relief': 0, 'Erosion': 0, 'SDRF': 0, 'Inundation': 0, 'Hydrology': 0, 'Silt': 0, 'Siltation': 0, 'Bund': 0, 'Trench': 0, 'Breach': 0, 'Culvert': 0, 'Sluice': 0, 'Dyke': 0, 'Storm water drain': 0, 'Emergency': 0, 'Immediate': 0, 'IM': 0, 'AE': 0, 'A E': 0, 'AAPDA MITRA': 0}","{'Floodlight': 0, 'Flood Light': 0, 'GAS': 0, 'FIFA': 0, 'pipe': 0, 'pipes': 0, 'covid': 0}",Pre-Monsoon,,False,False,Immediate Measures,"{'package': 1, 'g.r.': 1}"
2024_GMC_35280_18,GER/CE/2378/2023/26 DATED 05/01/2024,Package No. DSLT-18,Cleaning and Desilting of 143 nos of Major city drains under Mitigation of Urban Flood in Guwahati City to be executed by Guwahati Municipal Corporation in following packages for the year 2024,Works,Open Tender,Lump-sum,Civil Works,No,No,NA ,08-Jan-2024 09:00 AM,NA ,180.0,No ,No,Online,29-Jan-2024 03:00 PM,Guwahati Municipal Corporation,GUWAHATI,781005.0,2.0,"1,10,57,548",ASHOK KUMAR RAYMEDHI,"6,615,730.97",Accepted-AOC,19-Feb-2024,Guwahati Municipal Corporation,True,"{'Flood': 1, 'Embankment': 0, 'embkt': 0, 'Relief': 0, 'Erosion': 0, 'SDRF': 0, 'Inundation': 0, 'Hydrology': 0, 'Silt': 0, 'Siltation': 0, 'Bund': 0, 'Trench': 0, 'Breach': 0, 'Culvert': 0, 'Sluice': 0, 'Dyke': 0, 'Storm water drain': 0, 'Emergency': 0, 'Immediate': 0, 'IM': 0, 'AE': 0, 'A E': 0, 'AAPDA MITRA': 0}","{'Floodlight': 0, 'Flood Light': 0, 'GAS': 0, 'FIFA': 0, 'pipe': 0, 'pipes': 0, 'covid': 0}",Pre-Monsoon,,False,False,Immediate Measures,"{'package': 1, 'g.r.': 1}"
2024_GMC_35280_19,GER/CE/2378/2023/26 DATED 05/01/2024,Package No. DSLT-19,Cleaning and Desilting of 143 nos of Major city drains under Mitigation of Urban Flood in Guwahati City to be executed by Guwahati Municipal Corporation in following packages for the year 2024,Works,Open Tender,Lump-sum,Civil Works,No,No,NA ,08-Jan-2024 09:00 AM,NA ,180.0,No ,No,Online,29-Jan-2024 03:00 PM,Guwahati Municipal Corporation,GUWAHATI,781005.0,2.0,"38,81,000",M/S TRIKUTA ENTERPRISE,"2,880,866.3",Rejected-AOC,16-Feb-2024,Guwahati Municipal Corporation,True,"{'Flood': 1, 'Embankment': 0, 'embkt': 0, 'Relief': 0, 'Erosion': 0, 'SDRF': 0, 'Inundation': 0, 'Hydrology': 0, 'Silt': 0, 'Siltation': 0, 'Bund': 0, 'Trench': 0, 'Breach': 0, 'Culvert': 0, 'Sluice': 0, 'Dyke': 0, 'Storm water drain': 0, 'Emergency': 0, 'Immediate': 0, 'IM': 0, 'AE': 0, 'A E': 0, 'AAPDA MITRA': 0}","{'Floodlight': 0, 'Flood Light': 0, 'GAS': 0, 'FIFA': 0, 'pipe': 0, 'pipes': 0, 'covid': 0}",Pre-Monsoon,,False,False,Immediate Measures,"{'package': 1, 'g.r.': 1}"
2024_GMC_35280_2,GER/CE/2378/2023/26 DATED 05/01/2024,Package No. DSLT-02,Cleaning and Desilting of 143 nos of Major city drains under Mitigation of Urban Flood in Guwahati City to be executed by Guwahati Municipal Corporation in following packages for the year 2024,Works,Open Tender,Lump-sum,Civil Works,No,No,NA ,06-Jan-2024 05:00 PM,NA ,180.0,No ,No,Online,29-Jan-2024 03:00 PM,Guwahati Municipal Corporation,GUWAHATI,781005.0,2.0,"31,09,061",Sri Amarjit Medhi,"2,176,342.7",Rejected-AOC,20-Feb-2024,Guwahati Municipal Corporation,True,"{'Flood': 1, 'Embankment': 0, 'embkt': 0, 'Relief': 0, 'Erosion': 0, 'SDRF': 0, 'Inundation': 0, 'Hydrology': 0, 'Silt': 0, 'Siltation': 0, 'Bund': 0, 'Trench': 0, 'Breach': 0, 'Culvert': 0, 'Sluice': 0, 'Dyke': 0, 'Storm water drain': 0, 'Emergency': 0, 'Immediate': 0, 'IM': 0, 'AE': 0, 'A E': 0, 'AAPDA MITRA': 0}","{'Floodlight': 0, 'Flood Light': 0, 'GAS': 0, 'FIFA': 0, 'pipe': 0, 'pipes': 0, 'covid': 0}",Pre-Monsoon,,False,False,Immediate Measures,"{'package': 1, 'g.r.': 1}"
2024_GMC_35280_20,GER/CE/2378/2023/26 DATED 05/01/2024,Package No. DSLT-20,Cleaning and Desilting of 143 nos of Major city drains under Mitigation of Urban Flood in Guwahati City to be executed by Guwahati Municipal Corporation in following packages for the year 2024,Works,Open Tender,Lump-sum,Civil Works,No,No,NA ,08-Jan-2024 09:00 AM,NA ,180.0,No ,No,Online,29-Jan-2024 03:00 PM,Guwahati Municipal Corporation,GUWAHATI,781005.0,2.0,"47,32,974",RAJIB KUMAR CHOUDHURY,"3,525,592.33",Rejected-Technical,19-Feb-2024,Guwahati Municipal Corporation,True,"{'Flood': 1, 'Embankment': 0, 'embkt': 0, 'Relief': 0, 'Erosion': 0, 'SDRF': 0, 'Inundation': 0, 'Hydrology': 0, 'Silt': 0, 'Siltation': 0, 'Bund': 0, 'Trench': 0, 'Breach': 0, 'Culvert': 0, 'Sluice': 0, 'Dyke': 0, 'Storm water drain': 0, 'Emergency': 0, 'Immediate': 0, 'IM': 0, 'AE': 0, 'A E': 0, 'AAPDA MITRA': 0}","{'Floodlight': 0, 'Flood Light': 0, 'GAS': 0, 'FIFA': 0, 'pipe': 0, 'pipes': 0, 'covid': 0}",Pre-Monsoon,,False,False,Immediate Measures,"{'package': 1, 'g.r.': 1}"
2024_GMC_35280_21,GER/CE/2378/2023/26 DATED 05/01/2024,Package No. DSLT-21,Cleaning and Desilting of 143 nos of Major city drains under Mitigation of Urban Flood in Guwahati City to be executed by Guwahati Municipal Corporation in following packages for the year 2024,Works,Open Tender,Lump-sum,Civil Works,No,No,NA ,08-Jan-2024 09:00 AM,NA ,180.0,No ,No,Online,29-Jan-2024 03:00 PM,Guwahati Municipal Corporation,GUWAHATI,781005.0,2.0,"39,30,185",Sri Amarjit Medhi,"2,908,336.9",Rejected-Technical,20-Feb-2024,Guwahati Municipal Corporation,True,"{'Flood': 1, 'Embankment': 0, 'embkt': 0, 'Relief': 0, 'Erosion': 0, 'SDRF': 0, 'Inundation': 0, 'Hydrology': 0, 'Silt': 0, 'Siltation': 0, 'Bund': 0, 'Trench': 0, 'Breach': 0, 'Culvert': 0, 'Sluice': 0, 'Dyke': 0, 'Storm water drain': 0, 'Emergency': 0, 'Immediate': 0, 'IM': 0, 'AE': 0, 'A E': 0, 'AAPDA MITRA': 0}","{'Floodlight': 0, 'Flood Light': 0, 'GAS': 0, 'FIFA': 0, 'pipe': 0, 'pipes': 0, 'covid': 0}",Pre-Monsoon,,False,False,Immediate Measures,"{'package': 1, 'g.r.': 1}"
2024_GMC_35280_22,GER/CE/2378/2023/26 DATED 05/01/2024,Package No. DSLT-22,Cleaning and Desilting of 143 nos of Major city drains under Mitigation of Urban Flood in Guwahati City to be executed by Guwahati Municipal Corporation in following packages for the year 2024,Works,Open Tender,Lump-sum,Civil Works,No,No,NA ,08-Jan-2024 09:00 AM,NA ,180.0,No ,No,Online,29-Jan-2024 03:00 PM,Guwahati Municipal Corporation,GUWAHATI,781005.0,2.0,"23,20,000",Rahul Kalita,"1,722,136",Rejected-Technical,19-Feb-2024,Guwahati Municipal Corporation,True,"{'Flood': 1, 'Embankment': 0, 'embkt': 0, 'Relief': 0, 'Erosion': 0, 'SDRF': 0, 'Inundation': 0, 'Hydrology': 0, 'Silt': 0, 'Siltation': 0, 'Bund': 0, 'Trench': 0, 'Breach': 0, 'Culvert': 0, 'Sluice': 0, 'Dyke': 0, 'Storm water drain': 0, 'Emergency': 0, 'Immediate': 0, 'IM': 0, 'AE': 0, 'A E': 0, 'AAPDA MITRA': 0}","{'Floodlight': 0, 'Flood Light': 0, 'GAS': 0, 'FIFA': 0, 'pipe': 0, 'pipes': 0, 'covid': 0}",Pre-Monsoon,,False,False,Immediate Measures,"{'package': 1, 'g.r.': 1}"
2024_GMC_35280_23,GER/CE/2378/2023/26 DATED 05/01/2024,Package No. DSLT-05,Cleaning and Desilting of 143 nos of Major city drains under Mitigation of Urban Flood in Guwahati City to be executed by Guwahati Municipal Corporation in following packages for the year 2024,Works,Open Tender,Lump-sum,Civil Works,No,No,NA ,08-Jan-2024 02:00 PM,NA ,180.0,No ,No,Online,29-Jan-2024 03:00 PM,Guwahati Municipal Corporation,GUWAHATI,781005.0,2.0,"30,16,735",M/S TIRUPATI ENTERPRISE,"2,194,071.37",Accepted-AOC,23-Feb-2024,Guwahati Municipal Corporation,True,"{'Flood': 1, 'Embankment': 0, 'embkt': 0, 'Relief': 0, 'Erosion': 0, 'SDRF': 0, 'Inundation': 0, 'Hydrology': 0, 'Silt': 0, 'Siltation': 0, 'Bund': 0, 'Trench': 0, 'Breach': 0, 'Culvert': 0, 'Sluice': 0, 'Dyke': 0, 'Storm water drain': 0, 'Emergency': 0, 'Immediate': 0, 'IM': 0, 'AE': 0, 'A E': 0, 'AAPDA MITRA': 0}","{'Floodlight': 0, 'Flood Light': 0, 'GAS': 0, 'FIFA': 0, 'pipe': 0, 'pipes': 0, 'covid': 0}",Pre-Monsoon,,False,False,Immediate Measures,"{'package': 1, 'g.r.': 1}"
2024_GMC_35280_3,GER/CE/2378/2023/26 DATED 05/01/2024,Package No. DSLT-03,Cleaning and Desilting of 143 nos of Major city drains under Mitigation of Urban Flood in Guwahati City to be executed by Guwahati Municipal Corporation in following packages for the year 2024,Works,Open Tender,Lump-sum,Civil Works,No,No,NA ,06-Jan-2024 05:00 PM,NA ,180.0,No ,No,Online,29-Jan-2024 03:00 PM,Guwahati Municipal Corporation,GUWAHATI,781005.0,2.0,"19,34,288",Rahul Kalita,"1,435,435.12",Rejected-AOC,19-Feb-2024,Guwahati Municipal Corporation,True,"{'Flood': 1, 'Embankment': 0, 'embkt': 0, 'Relief': 0, 'Erosion': 0, 'SDRF': 0, 'Inundation': 0, 'Hydrology': 0, 'Silt': 0, 'Siltation': 0, 'Bund': 0, 'Trench': 0, 'Breach': 0, 'Culvert': 0, 'Sluice': 0, 'Dyke': 0, 'Storm water drain': 0, 'Emergency': 0, 'Immediate': 0, 'IM': 0, 'AE': 0, 'A E': 0, 'AAPDA MITRA': 0}","{'Floodlight': 0, 'Flood Light': 0, 'GAS': 0, 'FIFA': 0, 'pipe': 0, 'pipes': 0, 'covid': 0}",Pre-Monsoon,,False,False,Immediate Measures,"{'package': 1, 'g.r.': 1}"
2024_GMC_35280_4,GER/CE/2378/2023/26 DATED 05/01/2024,Package No. DSLT-04,Cleaning and Desilting of 143 nos of Major city drains under Mitigation of Urban Flood in Guwahati City to be executed by Guwahati Municipal Corporation in following packages for the year 2024,Works,Open Tender,Lump-sum,Civil Works,No,No,NA ,06-Jan-2024 05:00 PM,NA ,180.0,No ,No,Online,29-Jan-2024 03:00 PM,Guwahati Municipal Corporation,GUWAHATI,781005.0,2.0,"32,68,126",SARAT DAS,"2,411,876.99",Rejected-AOC,19-Feb-2024,Guwahati Municipal Corporation,True,"{'Flood': 1, 'Embankment': 0, 'embkt': 0, 'Relief': 0, 'Erosion': 0, 'SDRF': 0, 'Inundation': 0, 'Hydrology': 0, 'Silt': 0, 'Siltation': 0, 'Bund': 0, 'Trench': 0, 'Breach': 0, 'Culvert': 0, 'Sluice': 0, 'Dyke': 0, 'Storm water drain': 0, 'Emergency': 0, 'Immediate': 0, 'IM': 0, 'AE': 0, 'A E': 0, 'AAPDA MITRA': 0}","{'Floodlight': 0, 'Flood Light': 0, 'GAS': 0, 'FIFA': 0, 'pipe': 0, 'pipes': 0, 'covid': 0}",Pre-Monsoon,,False,False,Immediate Measures,"{'package': 1, 'g.r.': 1}"
2024_GMC_35280_6,GER/CE/2378/2023/26 DATED 05/01/2024,Package No. DSLT-06,Cleaning and Desilting of 143 nos of Major city drains under Mitigation of Urban Flood in Guwahati City to be executed by Guwahati Municipal Corporation in following packages for the year 2024,Works,Open Tender,Lump-sum,Civil Works,No,No,NA ,08-Jan-2024 09:00 AM,NA ,180.0,No ,No,Online,29-Jan-2024 03:00 PM,Guwahati Municipal Corporation,GUWAHATI,781005.0,2.0,"29,89,374",BHARGAB RISHI DAS,"2,044,731.82",Accepted-AOC,20-Feb-2024,Guwahati Municipal Corporation,True,"{'Flood': 1, 'Embankment': 0, 'embkt': 0, 'Relief': 0, 'Erosion': 0, 'SDRF': 0, 'Inundation': 0, 'Hydrology': 0, 'Silt': 0, 'Siltation': 0, 'Bund': 0, 'Trench': 0, 'Breach': 0, 'Culvert': 0, 'Sluice': 0, 'Dyke': 0, 'Storm water drain': 0, 'Emergency': 0, 'Immediate': 0, 'IM': 0, 'AE': 0, 'A E': 0, 'AAPDA MITRA': 0}","{'Floodlight': 0, 'Flood Light': 0, 'GAS': 0, 'FIFA': 0, 'pipe': 0, 'pipes': 0, 'covid': 0}",Pre-Monsoon,,False,False,Immediate Measures,"{'package': 1, 'g.r.': 1}"
2024_GMC_35280_7,GER/CE/2378/2023/26 DATED 05/01/2024,Package No. DSLT-07,Cleaning and Desilting of 143 nos of Major city drains under Mitigation of Urban Flood in Guwahati City to be executed by Guwahati Municipal Corporation in following packages for the year 2024,Works,Open Tender,Lump-sum,Civil Works,No,No,NA ,08-Jan-2024 09:00 AM,NA ,180.0,No ,No,Online,29-Jan-2024 03:00 PM,Guwahati Municipal Corporation,GUWAHATI,781005.0,2.0,"31,88,666",BHARGAB RISHI DAS,"2,228,877.53",Rejected-AOC,20-Feb-2024,Guwahati Municipal Corporation,True,"{'Flood': 1, 'Embankment': 0, 'embkt': 0, 'Relief': 0, 'Erosion': 0, 'SDRF': 0, 'Inundation': 0, 'Hydrology': 0, 'Silt': 0, 'Siltation': 0, 'Bund': 0, 'Trench': 0, 'Breach': 0, 'Culvert': 0, 'Sluice': 0, 'Dyke': 0, 'Storm water drain': 0, 'Emergency': 0, 'Immediate': 0, 'IM': 0, 'AE': 0, 'A E': 0, 'AAPDA MITRA': 0}","{'Floodlight': 0, 'Flood Light': 0, 'GAS': 0, 'FIFA': 0, 'pipe': 0, 'pipes': 0, 'covid': 0}",Pre-Monsoon,,False,False,Immediate Measures,"{'package': 1, 'g.r.': 1}"
2024_GMC_35280_8,GER/CE/2378/2023/26 DATED 05/01/2024,Package No. DSLT-08,Cleaning and Desilting of 143 nos of Major city drains under Mitigation of Urban Flood in Guwahati City to be executed by Guwahati Municipal Corporation in following packages for the year 2024,Works,Open Tender,Lump-sum,Civil Works,No,No,NA ,08-Jan-2024 09:00 AM,NA ,180.0,No ,No,Online,29-Jan-2024 03:00 PM,Guwahati Municipal Corporation,GUWAHATI,781005.0,2.0,"31,48,772",M/S G. B. CONSTRUCTION,"2,676,456.2",Accepted-AOC,22-Feb-2024,Guwahati Municipal Corporation,True,"{'Flood': 1, 'Embankment': 0, 'embkt': 0, 'Relief': 0, 'Erosion': 0, 'SDRF': 0, 'Inundation': 0, 'Hydrology': 0, 'Silt': 0, 'Siltation': 0, 'Bund': 0, 'Trench': 0, 'Breach': 0, 'Culvert': 0, 'Sluice': 0, 'Dyke': 0, 'Storm water drain': 0, 'Emergency': 0, 'Immediate': 0, 'IM': 0, 'AE': 0, 'A E': 0, 'AAPDA MITRA': 0}","{'Floodlight': 0, 'Flood Light': 0, 'GAS': 0, 'FIFA': 0, 'pipe': 0, 'pipes': 0, 'covid': 0}",Pre-Monsoon,,False,False,Immediate Measures,"{'package': 1, 'g.r.': 1}"
2024_GMC_35280_9,GER/CE/2378/2023/26 DATED 05/01/2024,Package No. DSLT-09,Cleaning and Desilting of 143 nos of Major city drains under Mitigation of Urban Flood in Guwahati City to be executed by Guwahati Municipal Corporation in following packages for the year 2024,Works,Open Tender,Lump-sum,Civil Works,No,No,NA ,08-Jan-2024 09:00 AM,NA ,180.0,No ,No,Online,29-Jan-2024 03:00 PM,Guwahati Municipal Corporation,GUWAHATI,781005.0,2.0,"79,75,141",M/S TRIKUTA ENTERPRISE,"5,447,021.3",Rejected-AOC,21-Feb-2024,Guwahati Municipal Corporation,True,"{'Flood': 1, 'Embankment': 0, 'embkt': 0, 'Relief': 0, 'Erosion': 0, 'SDRF': 0, 'Inundation': 0, 'Hydrology': 0, 'Silt': 0, 'Siltation': 0, 'Bund': 0, 'Trench': 0, 'Breach': 0, 'Culvert': 0, 'Sluice': 0, 'Dyke': 0, 'Storm water drain': 0, 'Emergency': 0, 'Immediate': 0, 'IM': 0, 'AE': 0, 'A E': 0, 'AAPDA MITRA': 0}","{'Floodlight': 0, 'Flood Light': 0, 'GAS': 0, 'FIFA': 0, 'pipe': 0, 'pipes': 0, 'covid': 0}",Pre-Monsoon,,False,False,Immediate Measures,"{'package': 1, 'g.r.': 1}"
2024_GMC_35325_1,GER/CE/2378/2023/35 DATED 08/01/2024,Package No. DSLT- 23,Cleaning and Desilting of 148 nos of Major city drains under Mitigation of Urban Flood in Guwahati City to be executed by Guwahati Municipal Corporation in following packages for the year 2024,Works,Open Tender,Lump-sum,Civil Works,No,No,NA ,08-Jan-2024 05:00 PM,NA ,180.0,No ,No,Online,29-Jan-2024 03:00 PM,Guwahati Municipal Corporation,GUWAHATI,781005.0,2.0,"34,16,257",HRISHIKESH TALUKDAR,"2,425,542.47",Accepted-AOC,20-Feb-2024,Guwahati Municipal Corporation,True,"{'Flood': 1, 'Embankment': 0, 'embkt': 0, 'Relief': 0, 'Erosion': 0, 'SDRF': 0, 'Inundation': 0, 'Hydrology': 0, 'Silt': 0, 'Siltation': 0, 'Bund': 0, 'Trench': 0, 'Breach': 0, 'Culvert': 0, 'Sluice': 0, 'Dyke': 0, 'Storm water drain': 0, 'Emergency': 0, 'Immediate': 0, 'IM': 0, 'AE': 0, 'A E': 0, 'AAPDA MITRA': 0}","{'Floodlight': 0, 'Flood Light': 0, 'GAS': 0, 'FIFA': 0, 'pipe': 0, 'pipes': 0, 'covid': 0}",Pre-Monsoon,,False,False,Immediate Measures,"{'package': 1, 'g.r.': 1}"
2024_GMC_35325_10,GER/CE/2378/2023/35 DATED 08/01/2024,Package No. DSLT- 32,Cleaning and Desilting of 148 nos of Major city drains under Mitigation of Urban Flood in Guwahati City to be executed by Guwahati Municipal Corporation in following packages for the year 2024,Works,Open Tender,Lump-sum,Civil Works,No,No,NA ,09-Jan-2024 09:00 AM,NA ,180.0,No ,No,Online,29-Jan-2024 03:00 PM,Guwahati Municipal Corporation,GUWAHATI,781005.0,2.0,"20,03,590",Rahul Kalita,"1,525,333.07",Rejected-AOC,19-Feb-2024,Guwahati Municipal Corporation,True,"{'Flood': 1, 'Embankment': 0, 'embkt': 0, 'Relief': 0, 'Erosion': 0, 'SDRF': 0, 'Inundation': 0, 'Hydrology': 0, 'Silt': 0, 'Siltation': 0, 'Bund': 0, 'Trench': 0, 'Breach': 0, 'Culvert': 0, 'Sluice': 0, 'Dyke': 0, 'Storm water drain': 0, 'Emergency': 0, 'Immediate': 0, 'IM': 0, 'AE': 0, 'A E': 0, 'AAPDA MITRA': 0}","{'Floodlight': 0, 'Flood Light': 0, 'GAS': 0, 'FIFA': 0, 'pipe': 0, 'pipes': 0, 'covid': 0}",Pre-Monsoon,,False,False,Immediate Measures,"{'package': 1, 'g.r.': 1}"
2024_GMC_35325_12,GER/CE/2378/2023/35 DATED 08/01/2024,Package No. DSLT- 34,Cleaning and Desilting of 148 nos of Major city drains under Mitigation of Urban Flood in Guwahati City to be executed by Guwahati Municipal Corporation in following packages for the year 2024,Works,Open Tender,Lump-sum,Civil Works,No,No,NA ,09-Jan-2024 09:00 AM,NA ,180.0,No ,No,Online,29-Jan-2024 03:00 PM,Guwahati Municipal Corporation,GUWAHATI,781005.0,2.0,"26,32,758",SANJOY SINGH,"1,777,111.65",Rejected-AOC,20-Feb-2024,Guwahati Municipal Corporation,True,"{'Flood': 1, 'Embankment': 0, 'embkt': 0, 'Relief': 0, 'Erosion': 0, 'SDRF': 0, 'Inundation': 0, 'Hydrology': 0, 'Silt': 0, 'Siltation': 0, 'Bund': 0, 'Trench': 0, 'Breach': 0, 'Culvert': 0, 'Sluice': 0, 'Dyke': 0, 'Storm water drain': 0, 'Emergency': 0, 'Immediate': 0, 'IM': 0, 'AE': 0, 'A E': 0, 'AAPDA MITRA': 0}","{'Floodlight': 0, 'Flood Light': 0, 'GAS': 0, 'FIFA': 0, 'pipe': 0, 'pipes': 0, 'covid': 0}",Pre-Monsoon,,False,False,Immediate Measures,"{'package': 1, 'g.r.': 1}"
2024_GMC_35325_13,GER/CE/2378/2023/35 DATED 08/01/2024,Package No. DSLT- 35,Cleaning and Desilting of 148 nos of Major city drains under Mitigation of Urban Flood in Guwahati City to be executed by Guwahati Municipal Corporation in following packages for the year 2024,Works,Open Tender,Lump-sum,Civil Works,No,No,NA ,09-Jan-2024 09:00 AM,NA ,180.0,No ,No,Online,29-Jan-2024 03:00 PM,Guwahati Municipal Corporation,GUWAHATI,781005.0,2.0,"30,98,142",B R BUILDERS,"2,137,717.98",Rejected-AOC,21-Feb-2024,Guwahati Municipal Corporation,True,"{'Flood': 1, 'Embankment': 0, 'embkt': 0, 'Relief': 0, 'Erosion': 0, 'SDRF': 0, 'Inundation': 0, 'Hydrology': 0, 'Silt': 0, 'Siltation': 0, 'Bund': 0, 'Trench': 0, 'Breach': 0, 'Culvert': 0, 'Sluice': 0, 'Dyke': 0, 'Storm water drain': 0, 'Emergency': 0, 'Immediate': 0, 'IM': 0, 'AE': 0, 'A E': 0, 'AAPDA MITRA': 0}","{'Floodlight': 0, 'Flood Light': 0, 'GAS': 0, 'FIFA': 0, 'pipe': 0, 'pipes': 0, 'covid': 0}",Pre-Monsoon,,False,False,Immediate Measures,"{'package': 1, 'g.r.': 1}"
2024_GMC_35325_2,GER/CE/2378/2023/35 DATED 08/01/2024,Package No. DSLT- 24,Cleaning and Desilting of 148 nos of Major city drains under Mitigation of Urban Flood in Guwahati City to be executed by Guwahati Municipal Corporation in following packages for the year 2024,Works,Open Tender,Lump-sum,Civil Works,No,No,NA ,08-Jan-2024 06:00 PM,NA ,180.0,No ,No,Online,29-Jan-2024 03:00 PM,Guwahati Municipal Corporation,GUWAHATI,781005.0,2.0,"32,44,477",HRISHIKESH TALUKDAR,"2,238,689.13",Rejected-AOC,20-Feb-2024,Guwahati Municipal Corporation,True,"{'Flood': 1, 'Embankment': 0, 'embkt': 0, 'Relief': 0, 'Erosion': 0, 'SDRF': 0, 'Inundation': 0, 'Hydrology': 0, 'Silt': 0, 'Siltation': 0, 'Bund': 0, 'Trench': 0, 'Breach': 0, 'Culvert': 0, 'Sluice': 0, 'Dyke': 0, 'Storm water drain': 0, 'Emergency': 0, 'Immediate': 0, 'IM': 0, 'AE': 0, 'A E': 0, 'AAPDA MITRA': 0}","{'Floodlight': 0, 'Flood Light': 0, 'GAS': 0, 'FIFA': 0, 'pipe': 0, 'pipes': 0, 'covid': 0}",Pre-Monsoon,,False,False,Immediate Measures,"{'package': 1, 'g.r.': 1}"
2024_GMC_35325_3,GER/CE/2378/2023/35 DATED 08/01/2024,Package No. DSLT- 25,Cleaning and Desilting of 148 nos of Major city drains under Mitigation of Urban Flood in Guwahati City to be executed by Guwahati Municipal Corporation in following packages for the year 2024,Works,Open Tender,Lump-sum,Civil Works,No,No,NA ,08-Jan-2024 06:00 PM,NA ,180.0,No ,No,Online,29-Jan-2024 03:00 PM,Guwahati Municipal Corporation,GUWAHATI,781005.0,2.0,"33,35,578",PURNA CHETRY,"2,475,999.55",Accepted-AOC,16-Feb-2024,Guwahati Municipal Corporation,True,"{'Flood': 1, 'Embankment': 0, 'embkt': 0, 'Relief': 0, 'Erosion': 0, 'SDRF': 0, 'Inundation': 0, 'Hydrology': 0, 'Silt': 0, 'Siltation': 0, 'Bund': 0, 'Trench': 0, 'Breach': 0, 'Culvert': 0, 'Sluice': 0, 'Dyke': 0, 'Storm water drain': 0, 'Emergency': 0, 'Immediate': 0, 'IM': 0, 'AE': 0, 'A E': 0, 'AAPDA MITRA': 0}","{'Floodlight': 0, 'Flood Light': 0, 'GAS': 0, 'FIFA': 0, 'pipe': 0, 'pipes': 0, 'covid': 0}",Pre-Monsoon,,False,False,Immediate Measures,"{'package': 1, 'g.r.': 1}"
2024_GMC_35325_4,GER/CE/2378/2023/35 DATED 08/01/2024,Package No. DSLT- 26,Cleaning and Desilting of 148 nos of Major city drains under Mitigation of Urban Flood in Guwahati City to be executed by Guwahati Municipal Corporation in following packages for the year 2024,Works,Open Tender,Lump-sum,Civil Works,No,No,NA ,08-Jan-2024 06:00 PM,NA ,180.0,No ,No,Online,29-Jan-2024 03:00 PM,Guwahati Municipal Corporation,GUWAHATI,781005.0,2.0,"24,48,705",M/S TRIKUTA ENTERPRISE,,Rejected-AOC,,Guwahati Municipal Corporation,True,"{'Flood': 1, 'Embankment': 0, 'embkt': 0, 'Relief': 0, 'Erosion': 0, 'SDRF': 0, 'Inundation': 0, 'Hydrology': 0, 'Silt': 0, 'Siltation': 0, 'Bund': 0, 'Trench': 0, 'Breach': 0, 'Culvert': 0, 'Sluice': 0, 'Dyke': 0, 'Storm water drain': 0, 'Emergency': 0, 'Immediate': 0, 'IM': 0, 'AE': 0, 'A E': 0, 'AAPDA MITRA': 0}","{'Floodlight': 0, 'Flood Light': 0, 'GAS': 0, 'FIFA': 0, 'pipe': 0, 'pipes': 0, 'covid': 0}",Pre-Monsoon,,False,False,Immediate Measures,"{'package': 1, 'g.r.': 1}"
2024_GMC_35325_5,GER/CE/2378/2023/35 DATED 08/01/2024,Package No. DSLT- 27,Cleaning and Desilting of 148 nos of Major city drains under Mitigation of Urban Flood in Guwahati City to be executed by Guwahati Municipal Corporation in following packages for the year 2024,Works,Open Tender,Lump-sum,Civil Works,No,No,NA ,08-Jan-2024 06:00 PM,NA ,180.0,No ,No,Online,29-Jan-2024 03:00 PM,Guwahati Municipal Corporation,GUWAHATI,781005.0,2.0,"30,92,992",MR DIPAK SARMA,"2,443,463.68",Accepted-AOC,17-Feb-2024,Guwahati Municipal Corporation,True,"{'Flood': 1, 'Embankment': 0, 'embkt': 0, 'Relief': 0, 'Erosion': 0, 'SDRF': 0, 'Inundation': 0, 'Hydrology': 0, 'Silt': 0, 'Siltation': 0, 'Bund': 0, 'Trench': 0, 'Breach': 0, 'Culvert': 0, 'Sluice': 0, 'Dyke': 0, 'Storm water drain': 0, 'Emergency': 0, 'Immediate': 0, 'IM': 0, 'AE': 0, 'A E': 0, 'AAPDA MITRA': 0}","{'Floodlight': 0, 'Flood Light': 0, 'GAS': 0, 'FIFA': 0, 'pipe': 0, 'pipes': 0, 'covid': 0}",Pre-Monsoon,,False,False,Immediate Measures,"{'package': 1, 'g.r.': 1}"
2024_GMC_35325_6,GER/CE/2378/2023/35 DATED 08/01/2024,Package No. DSLT- 28,Cleaning and Desilting of 148 nos of Major city drains under Mitigation of Urban Flood in Guwahati City to be executed by Guwahati Municipal Corporation in following packages for the year 2024,Works,Open Tender,Lump-sum,Civil Works,No,No,NA ,08-Jan-2024 06:00 PM,NA ,180.0,No ,No,Online,29-Jan-2024 03:00 PM,Guwahati Municipal Corporation,GUWAHATI,781005.0,2.0,"17,00,062",B R BUILDERS,"1,190,043.4",Rejected-AOC,21-Feb-2024,Guwahati Municipal Corporation,True,"{'Flood': 1, 'Embankment': 0, 'embkt': 0, 'Relief': 0, 'Erosion': 0, 'SDRF': 0, 'Inundation': 0, 'Hydrology': 0, 'Silt': 0, 'Siltation': 0, 'Bund': 0, 'Trench': 0, 'Breach': 0, 'Culvert': 0, 'Sluice': 0, 'Dyke': 0, 'Storm water drain': 0, 'Emergency': 0, 'Immediate': 0, 'IM': 0, 'AE': 0, 'A E': 0, 'AAPDA MITRA': 0}","{'Floodlight': 0, 'Flood Light': 0, 'GAS': 0, 'FIFA': 0, 'pipe': 0, 'pipes': 0, 'covid': 0}",Pre-Monsoon,,False,False,Immediate Measures,"{'package': 1, 'g.r.': 1}"
2024_GMC_35325_7,GER/CE/2378/2023/35 DATED 08/01/2024,Package No. DSLT- 29,Cleaning and Desilting of 148 nos of Major city drains under Mitigation of Urban Flood in Guwahati City to be executed by Guwahati Municipal Corporation in following packages for the year 2024,Works,Open Tender,Lump-sum,Civil Works,No,No,NA ,08-Jan-2024 06:00 PM,NA ,180.0,No ,No,Online,29-Jan-2024 03:00 PM,Guwahati Municipal Corporation,GUWAHATI,781005.0,2.0,"29,95,791",M/S TRIKUTA ENTERPRISE,"2,073,386.95",Rejected-AOC,16-Feb-2024,Guwahati Municipal Corporation,True,"{'Flood': 1, 'Embankment': 0, 'embkt': 0, 'Relief': 0, 'Erosion': 0, 'SDRF': 0, 'Inundation': 0, 'Hydrology': 0, 'Silt': 0, 'Siltation': 0, 'Bund': 0, 'Trench': 0, 'Breach': 0, 'Culvert': 0, 'Sluice': 0, 'Dyke': 0, 'Storm water drain': 0, 'Emergency': 0, 'Immediate': 0, 'IM': 0, 'AE': 0, 'A E': 0, 'AAPDA MITRA': 0}","{'Floodlight': 0, 'Flood Light': 0, 'GAS': 0, 'FIFA': 0, 'pipe': 0, 'pipes': 0, 'covid': 0}",Pre-Monsoon,,False,False,Immediate Measures,"{'package': 1, 'g.r.': 1}"
2024_GMC_35325_8,GER/CE/2378/2023/35 DATED 08/01/2024,Package No. DSLT- 30,Cleaning and Desilting of 148 nos of Major city drains under Mitigation of Urban Flood in Guwahati City to be executed by Guwahati Municipal Corporation in following packages for the year 2024,Works,Open Tender,Lump-sum,Civil Works,No,No,NA ,09-Jan-2024 09:00 AM,NA ,180.0,No ,No,Online,29-Jan-2024 03:00 PM,Guwahati Municipal Corporation,GUWAHATI,781005.0,2.0,"25,57,612",SRI ZEETENDRA SALAI,"2,301,850.8",Accepted-AOC,20-Feb-2024,Guwahati Municipal Corporation,True,"{'Flood': 1, 'Embankment': 0, 'embkt': 0, 'Relief': 0, 'Erosion': 0, 'SDRF': 0, 'Inundation': 0, 'Hydrology': 0, 'Silt': 0, 'Siltation': 0, 'Bund': 0, 'Trench': 0, 'Breach': 0, 'Culvert': 0, 'Sluice': 0, 'Dyke': 0, 'Storm water drain': 0, 'Emergency': 0, 'Immediate': 0, 'IM': 0, 'AE': 0, 'A E': 0, 'AAPDA MITRA': 0}","{'Floodlight': 0, 'Flood Light': 0, 'GAS': 0, 'FIFA': 0, 'pipe': 0, 'pipes': 0, 'covid': 0}",Pre-Monsoon,,False,False,Immediate Measures,"{'package': 1, 'g.r.': 1}"
2024_GMC_35325_9,GER/CE/2378/2023/35 DATED 08/01/2024,Package No. DSLT- 31,Cleaning and Desilting of 148 nos of Major city drains under Mitigation of Urban Flood in Guwahati City to be executed by Guwahati Municipal Corporation in following packages for the year 2024,Works,Open Tender,Lump-sum,Civil Works,No,No,NA ,09-Jan-2024 09:00 AM,NA ,180.0,No ,No,Online,29-Jan-2024 03:00 PM,Guwahati Municipal Corporation,GUWAHATI,781005.0,2.0,"33,04,320",M/S BHARATI ASSOCIATES,"2,452,238.39",Accepted-AOC,19-Feb-2024,Guwahati Municipal Corporation,True,"{'Flood': 1, 'Embankment': 0, 'embkt': 0, 'Relief': 0, 'Erosion': 0, 'SDRF': 0, 'Inundation': 0, 'Hydrology': 0, 'Silt': 0, 'Siltation': 0, 'Bund': 0, 'Trench': 0, 'Breach': 0, 'Culvert': 0, 'Sluice': 0, 'Dyke': 0, 'Storm water drain': 0, 'Emergency': 0, 'Immediate': 0, 'IM': 0, 'AE': 0, 'A E': 0, 'AAPDA MITRA': 0}","{'Floodlight': 0, 'Flood Light': 0, 'GAS': 0, 'FIFA': 0, 'pipe': 0, 'pipes': 0, 'covid': 0}",Pre-Monsoon,,False,False,Immediate Measures,"{'package': 1, 'g.r.': 1}"
